ARIMA,Seasonal,AIC
"(2, 2, 6)","(0, 1, 1, 52)",1479.7417523742406
"(3, 2, 6)","(0, 1, 1, 52)",1481.168570339911
"(1, 2, 6)","(0, 1, 1, 52)",1482.4802591996072
"(4, 2, 6)","(0, 1, 1, 52)",1482.9340168419012
"(5, 2, 6)","(0, 1, 1, 52)",1484.4336230621468
"(0, 1, 6)","(0, 1, 1, 52)",1485.1846456696169
"(6, 2, 6)","(0, 1, 1, 52)",1485.4818257568415
"(0, 2, 6)","(0, 1, 1, 52)",1486.158156029242
"(1, 1, 6)","(0, 1, 1, 52)",1489.648712159967
"(2, 1, 6)","(0, 1, 1, 52)",1491.5925304320372
"(4, 1, 6)","(0, 1, 1, 52)",1491.7083117124748
"(3, 1, 6)","(0, 1, 1, 52)",1493.775766824979
"(5, 1, 6)","(0, 1, 1, 52)",1493.9896519072324
"(6, 1, 6)","(0, 1, 1, 52)",1497.9723090936031
"(2, 2, 5)","(0, 1, 1, 52)",1499.9360961205755
"(3, 2, 5)","(0, 1, 1, 52)",1500.6587969384473
"(4, 2, 5)","(0, 1, 1, 52)",1501.2809543092062
"(0, 2, 5)","(0, 1, 1, 52)",1502.7591775885146
"(1, 2, 5)","(0, 1, 1, 52)",1504.0578282661515
"(0, 1, 5)","(0, 1, 1, 52)",1508.2001344001167
"(1, 0, 6)","(0, 1, 1, 52)",1508.3311529120908
"(4, 1, 5)","(0, 1, 1, 52)",1508.549989079086
"(6, 1, 5)","(0, 1, 1, 52)",1509.000244041968
"(2, 0, 6)","(0, 1, 1, 52)",1509.0690438249562
"(1, 1, 5)","(0, 1, 1, 52)",1509.5293571831924
"(5, 1, 5)","(0, 1, 1, 52)",1509.9798277899629
"(3, 1, 5)","(0, 1, 1, 52)",1510.5342219369586
"(3, 0, 6)","(0, 1, 1, 52)",1511.0929901361212
"(2, 1, 5)","(0, 1, 1, 52)",1511.292780049414
"(4, 0, 6)","(0, 1, 1, 52)",1512.9822027106463
"(6, 0, 6)","(0, 1, 1, 52)",1513.7253394976638
"(0, 0, 6)","(0, 1, 1, 52)",1514.5160549947475
"(5, 0, 6)","(0, 1, 1, 52)",1514.6811656734503
"(6, 2, 5)","(0, 1, 1, 52)",1515.0134624572981
"(5, 2, 5)","(0, 1, 1, 52)",1515.550080873246
"(3, 2, 4)","(0, 1, 1, 52)",1515.984655990778
"(2, 2, 4)","(0, 1, 1, 52)",1517.7725956698416
"(1, 2, 4)","(0, 1, 1, 52)",1519.5750204114238
"(4, 2, 4)","(0, 1, 1, 52)",1520.4004169223933
"(0, 2, 4)","(0, 1, 1, 52)",1520.5267962612402
"(0, 1, 4)","(0, 1, 1, 52)",1523.4723226566311
"(2, 1, 4)","(0, 1, 1, 52)",1524.7672531496887
"(1, 1, 4)","(0, 1, 1, 52)",1527.4508239474374
"(1, 0, 5)","(0, 1, 1, 52)",1528.002548682528
"(2, 0, 5)","(0, 1, 1, 52)",1528.563774178637
"(3, 1, 4)","(0, 1, 1, 52)",1529.1338470285486
"(3, 0, 5)","(0, 1, 1, 52)",1529.872062513075
"(0, 0, 5)","(0, 1, 1, 52)",1530.1932006291504
"(5, 1, 4)","(0, 1, 1, 52)",1531.8610314586288
"(4, 1, 4)","(0, 1, 1, 52)",1532.0110213037367
"(5, 0, 5)","(0, 1, 1, 52)",1533.4994038944901
"(5, 2, 4)","(0, 1, 1, 52)",1534.8311873761977
"(6, 1, 4)","(0, 1, 1, 52)",1535.1405706187916
"(4, 0, 5)","(0, 1, 1, 52)",1535.151790384753
"(6, 0, 5)","(0, 1, 1, 52)",1535.3217625499035
"(6, 2, 4)","(0, 1, 1, 52)",1535.9592365905414
"(2, 2, 3)","(0, 1, 1, 52)",1537.4140731136197
"(0, 1, 3)","(0, 1, 1, 52)",1539.538264853663
"(3, 1, 3)","(0, 1, 1, 52)",1542.2893003301238
"(6, 2, 3)","(0, 1, 1, 52)",1543.5325770801207
"(1, 2, 3)","(0, 1, 1, 52)",1543.64130321823
"(3, 0, 4)","(0, 1, 1, 52)",1543.7602228914495
"(2, 1, 3)","(0, 1, 1, 52)",1544.4237134041755
"(0, 2, 3)","(0, 1, 1, 52)",1544.5059893386883
"(1, 1, 3)","(0, 1, 1, 52)",1544.91239550363
"(1, 0, 4)","(0, 1, 1, 52)",1545.56946674804
"(2, 0, 4)","(0, 1, 1, 52)",1546.2612659364581
"(6, 1, 3)","(0, 1, 1, 52)",1546.7873536718566
"(0, 0, 4)","(0, 1, 1, 52)",1547.607222839264
"(4, 1, 3)","(0, 1, 1, 52)",1548.0731421286634
"(5, 1, 3)","(0, 1, 1, 52)",1548.4006235898619
"(3, 2, 3)","(0, 1, 1, 52)",1549.2440603847929
"(0, 2, 2)","(0, 1, 1, 52)",1549.6508270191885
"(5, 0, 4)","(0, 1, 1, 52)",1550.0186149921722
"(4, 0, 4)","(0, 1, 1, 52)",1550.5079958353365
"(4, 2, 3)","(0, 1, 1, 52)",1550.5810104720088
"(5, 2, 3)","(0, 1, 1, 52)",1551.0932024747815
"(6, 0, 4)","(0, 1, 1, 52)",1552.9933027775496
"(5, 2, 2)","(0, 1, 1, 52)",1556.906590349164
"(2, 2, 2)","(0, 1, 1, 52)",1557.2838157010053
"(0, 1, 2)","(0, 1, 1, 52)",1558.2546046035673
"(6, 2, 2)","(0, 1, 1, 52)",1558.7289967870138
"(1, 2, 2)","(0, 1, 1, 52)",1562.012301182749
"(1, 1, 2)","(0, 1, 1, 52)",1562.5900024425703
"(2, 1, 2)","(0, 1, 1, 52)",1563.8818801932314
"(1, 0, 3)","(0, 1, 1, 52)",1564.526904178772
"(3, 1, 2)","(0, 1, 1, 52)",1564.5747746080965
"(2, 0, 3)","(0, 1, 1, 52)",1564.9612745428376
"(4, 1, 2)","(0, 1, 1, 52)",1566.2062664466398
"(5, 1, 2)","(0, 1, 1, 52)",1566.2638169927075
"(3, 0, 3)","(0, 1, 1, 52)",1566.8540913947727
"(6, 1, 2)","(0, 1, 1, 52)",1567.5124343485347
"(5, 0, 3)","(0, 1, 1, 52)",1567.954515598953
"(4, 0, 3)","(0, 1, 1, 52)",1568.4039075769372
"(0, 0, 3)","(0, 1, 1, 52)",1568.7428205720425
"(6, 0, 3)","(0, 1, 1, 52)",1570.9804013282392
"(4, 2, 2)","(0, 1, 1, 52)",1571.3107300077236
"(3, 2, 2)","(0, 1, 1, 52)",1572.2264695740573
"(1, 1, 1)","(0, 1, 1, 52)",1578.4050170443961
"(5, 1, 1)","(0, 1, 1, 52)",1578.7022795638813
"(2, 1, 1)","(0, 1, 1, 52)",1579.1857985351994
"(6, 1, 1)","(0, 1, 1, 52)",1579.3391146871961
"(2, 2, 1)","(0, 1, 1, 52)",1579.696318819041
"(2, 0, 2)","(0, 1, 1, 52)",1579.9145470886447
"(1, 0, 2)","(0, 1, 1, 52)",1580.1037777548754
"(6, 2, 1)","(0, 1, 1, 52)",1580.7666707812964
"(3, 1, 1)","(0, 1, 1, 52)",1581.1254651467489
"(3, 2, 1)","(0, 1, 1, 52)",1581.3055328547423
"(0, 1, 1)","(0, 1, 1, 52)",1582.0446852084349
"(4, 0, 2)","(0, 1, 1, 52)",1582.2057402898838
"(4, 1, 1)","(0, 1, 1, 52)",1582.4104122751774
"(4, 2, 1)","(0, 1, 1, 52)",1582.5333227540705
"(3, 0, 2)","(0, 1, 1, 52)",1585.7700422904038
"(6, 0, 2)","(0, 1, 1, 52)",1586.1803308195294
"(0, 0, 2)","(0, 1, 1, 52)",1588.4693543428102
"(5, 0, 2)","(0, 1, 1, 52)",1589.5580926079028
"(5, 2, 1)","(0, 1, 1, 52)",1590.3401728664528
"(1, 2, 1)","(0, 1, 1, 52)",1593.5978370156238
"(2, 0, 1)","(0, 1, 1, 52)",1594.1854786344522
"(3, 0, 1)","(0, 1, 1, 52)",1596.0794576515127
"(1, 0, 1)","(0, 1, 1, 52)",1597.3949257226616
"(4, 0, 1)","(0, 1, 1, 52)",1597.817654346639
"(5, 0, 1)","(0, 1, 1, 52)",1599.6133176340475
"(6, 0, 1)","(0, 1, 1, 52)",1601.3371650164577
"(0, 2, 1)","(0, 1, 1, 52)",1603.4798523316842
"(2, 1, 0)","(0, 1, 1, 52)",1606.2125156756838
"(5, 1, 0)","(0, 1, 1, 52)",1608.516484126977
"(4, 1, 0)","(0, 1, 1, 52)",1609.2058395639026
"(3, 1, 0)","(0, 1, 1, 52)",1609.37559453717
"(0, 0, 1)","(0, 1, 1, 52)",1609.7718405774515
"(6, 1, 0)","(0, 1, 1, 52)",1610.031013626663
"(1, 1, 0)","(0, 1, 1, 52)",1610.7694642222186
"(2, 0, 0)","(0, 1, 1, 52)",1615.9399001655238
"(3, 0, 0)","(0, 1, 1, 52)",1616.422010720846
"(1, 0, 0)","(0, 1, 1, 52)",1618.2129040788586
"(4, 0, 0)","(0, 1, 1, 52)",1618.2530470715515
"(6, 0, 0)","(0, 1, 1, 52)",1619.7285699534186
"(5, 0, 0)","(0, 1, 1, 52)",1620.2528734500002
"(6, 2, 0)","(0, 1, 1, 52)",1620.822936840435
"(5, 2, 0)","(0, 1, 1, 52)",1621.8240041902643
"(0, 1, 0)","(0, 1, 1, 52)",1622.3308975954283
"(4, 2, 0)","(0, 1, 1, 52)",1627.4011454747604
"(3, 2, 0)","(0, 1, 1, 52)",1627.9177911841364
"(2, 2, 0)","(0, 1, 1, 52)",1634.5756985737332
"(0, 0, 0)","(0, 1, 1, 52)",1643.6030726045215
"(1, 2, 0)","(0, 1, 1, 52)",1656.2440390585277
"(0, 2, 0)","(0, 1, 1, 52)",1686.0379664927075
