timestamp,temp_mean,heating_degree,cooling_degree
2015-01-04,2.8,15.2,0.0
2015-01-11,3.914285714285714,14.085714285714285,0.0
2015-01-18,4.8428571428571425,13.157142857142857,0.0
2015-01-25,0.05714285714285713,17.942857142857143,0.0
2015-02-01,1.4000000000000001,16.6,0.0
2015-02-08,-1.2285714285714284,19.228571428571428,0.0
2015-02-15,1.8,16.2,0.0
2015-02-22,2.1,15.900000000000002,0.0
2015-03-01,2.4285714285714284,15.571428571428571,0.0
2015-03-08,4.9142857142857155,13.085714285714285,0.0
2015-03-15,5.1000000000000005,12.9,0.0
2015-03-22,5.714285714285714,12.285714285714286,0.0
2015-03-29,7.014285714285713,10.985714285714286,0.0
2015-04-05,4.328571428571428,13.671428571428573,0.0
2015-04-12,8.685714285714285,9.314285714285715,0.0
2015-04-19,9.014285714285714,8.985714285714286,0.0
2015-04-26,11.385714285714286,6.614285714285715,0.0
2015-05-03,9.942857142857141,8.057142857142857,0.0
2015-05-10,14.685714285714285,3.357142857142857,0.04285714285714296
2015-05-17,12.514285714285716,5.485714285714286,0.0
2015-05-24,13.514285714285714,4.485714285714286,0.0
2015-05-31,13.785714285714286,4.214285714285714,0.0
2015-06-07,17.87142857142857,1.0857142857142856,0.9571428571428571
2015-06-14,17.942857142857143,1.0000000000000002,0.9428571428571431
2015-06-21,14.37142857142857,3.6285714285714286,0.0
2015-06-28,16.0,2.1,0.0999999999999999
2015-07-05,23.885714285714283,0.0,5.885714285714286
2015-07-12,18.942857142857143,0.9428571428571425,1.8857142857142857
2015-07-19,19.599999999999998,0.2999999999999997,1.9000000000000001
2015-07-26,20.37142857142857,0.2285714285714288,2.599999999999999
2015-08-02,17.37142857142857,1.1142857142857143,0.4857142857142855
2015-08-09,24.942857142857143,0.0,6.942857142857142
2015-08-16,25.085714285714285,0.0,7.0857142857142845
2015-08-23,20.12857142857143,0.0,2.128571428571429
2015-08-30,20.357142857142858,0.02857142857142847,2.3857142857142857
2015-09-06,17.642857142857142,2.1428571428571432,1.7857142857142858
2015-09-13,14.928571428571429,3.2000000000000006,0.12857142857142836
2015-09-20,16.371428571428574,1.7571428571428567,0.12857142857142886
2015-09-27,13.514285714285714,4.485714285714286,0.0
2015-10-04,11.799999999999999,6.2,0.0
2015-10-11,10.0,8.0,0.0
2015-10-18,6.428571428571429,11.571428571428571,0.0
2015-10-25,9.314285714285715,8.685714285714287,0.0
2015-11-01,8.414285714285715,9.585714285714285,0.0
2015-11-08,8.157142857142857,9.842857142857143,0.0
2015-11-15,11.328571428571427,6.671428571428571,0.0
2015-11-22,8.185714285714287,9.814285714285713,0.0
2015-11-29,2.1,15.9,0.0
2015-12-06,6.9,11.1,0.0
2015-12-13,6.057142857142857,11.942857142857141,0.0
2015-12-20,6.942857142857143,11.057142857142859,0.0
2015-12-27,9.914285714285715,8.085714285714285,0.0
2016-01-03,0.5142857142857145,17.485714285714288,0.0
2016-01-10,-3.228571428571428,21.228571428571428,0.0
2016-01-17,0.2285714285714286,17.771428571428572,0.0
2016-01-24,-3.542857142857143,21.542857142857144,0.0
2016-01-31,6.3999999999999995,11.6,0.0
2016-02-07,5.742857142857143,12.257142857142856,0.0
2016-02-14,4.171428571428572,13.828571428571427,0.0
2016-02-21,2.6285714285714286,15.37142857142857,0.0
2016-02-28,2.414285714285714,15.585714285714285,0.0
2016-03-06,2.6142857142857143,15.385714285714286,0.0
2016-03-13,2.6,15.4,0.0
2016-03-20,3.957142857142857,14.042857142857143,0.0
2016-03-27,6.014285714285714,11.985714285714286,0.0
2016-04-03,8.042857142857143,9.957142857142857,0.0
2016-04-10,10.5,7.5,0.0
2016-04-17,9.785714285714286,8.214285714285714,0.0
2016-04-24,7.428571428571429,10.571428571428571,0.0
2016-05-01,7.628571428571429,10.37142857142857,0.0
2016-05-08,13.700000000000001,4.3,0.0
2016-05-15,15.428571428571429,2.585714285714286,0.014285714285714488
2016-05-22,14.914285714285715,3.5285714285714285,0.44285714285714306
2016-05-29,17.728571428571428,1.0571428571428572,0.7857142857142857
2016-06-05,20.485714285714288,0.0,2.485714285714286
2016-06-12,18.04285714285714,0.5571428571428575,0.5999999999999999
2016-06-19,16.45714285714286,1.5428571428571431,0.0
2016-06-26,21.771428571428572,0.05714285714285694,3.828571428571429
2016-07-03,18.985714285714288,0.24285714285714274,1.2285714285714293
2016-07-10,18.75714285714286,0.5285714285714285,1.2857142857142858
2016-07-17,19.32857142857143,0.48571428571428604,1.8142857142857147
2016-07-24,21.728571428571428,0.0,3.728571428571429
2016-07-31,21.928571428571427,0.0,3.9285714285714284
2016-08-07,18.414285714285715,0.34285714285714314,0.7571428571428568
2016-08-14,17.82857142857143,1.3571428571428572,1.1857142857142853
2016-08-21,18.04285714285714,0.7714285714285712,0.8142857142857142
2016-08-28,22.728571428571428,0.0,4.728571428571428
2016-09-04,19.985714285714288,0.0,1.985714285714286
2016-09-11,20.12857142857143,0.27142857142857124,2.400000000000001
2016-09-18,21.457142857142856,0.21428571428571427,3.6714285714285713
2016-09-25,15.671428571428573,2.3285714285714287,0.0
2016-10-02,16.314285714285713,2.0142857142857142,0.3285714285714287
2016-10-09,10.714285714285714,7.285714285714286,0.0
2016-10-16,8.357142857142858,9.642857142857142,0.0
2016-10-23,8.057142857142857,9.942857142857141,0.0
2016-10-30,8.628571428571428,9.37142857142857,0.0
2016-11-06,6.285714285714286,11.714285714285714,0.0
2016-11-13,0.8428571428571429,17.157142857142855,0.0
2016-11-20,6.057142857142857,11.942857142857141,0.0
2016-11-27,4.714285714285714,13.285714285714286,0.0
2016-12-04,0.6428571428571429,17.357142857142858,0.0
2016-12-11,3.8857142857142857,14.114285714285714,0.0
2016-12-18,1.3714285714285714,16.62857142857143,0.0
2016-12-25,2.3428571428571425,15.657142857142857,0.0
2017-01-01,3.3714285714285714,14.62857142857143,0.0
2017-01-08,-2.085714285714286,20.085714285714285,0.0
2017-01-15,-0.7571428571428571,18.75714285714286,0.0
2017-01-22,-2.7714285714285714,20.771428571428572,0.0
2017-01-29,-1.5,19.5,0.0
2017-02-05,0.18571428571428575,17.814285714285713,0.0
2017-02-12,-2.685714285714286,20.685714285714287,0.0
2017-02-19,1.1999999999999997,16.8,0.0
2017-02-26,5.771428571428571,12.228571428571428,0.0
2017-03-05,6.585714285714286,11.414285714285715,0.0
2017-03-12,4.571428571428571,13.428571428571429,0.0
2017-03-19,5.971428571428571,12.028571428571428,0.0
2017-03-26,6.985714285714286,11.014285714285714,0.0
2017-04-02,11.514285714285714,6.485714285714286,0.0
2017-04-09,9.342857142857143,8.657142857142857,0.0
2017-04-16,8.214285714285714,9.785714285714286,0.0
2017-04-23,5.1571428571428575,12.842857142857143,0.0
2017-04-30,6.928571428571429,11.071428571428571,0.0
2017-05-07,10.6,7.4,0.0
2017-05-14,10.514285714285714,7.485714285714286,0.0
2017-05-21,16.857142857142858,1.9142857142857144,0.7714285714285712
2017-05-28,16.82857142857143,1.9285714285714286,0.7571428571428572
2017-06-04,18.52857142857143,0.8142857142857137,1.3428571428571427
2017-06-11,17.842857142857145,0.9857142857142855,0.8285714285714286
2017-06-18,17.8,0.8000000000000002,0.5999999999999999
2017-06-25,20.0,0.02857142857142847,2.028571428571429
2017-07-02,16.95714285714286,1.2999999999999996,0.25714285714285723
2017-07-09,17.657142857142855,0.9714285714285713,0.6285714285714283
2017-07-16,17.014285714285712,1.2428571428571427,0.25714285714285723
2017-07-23,19.957142857142856,0.07142857142857142,2.0285714285714285
2017-07-30,18.52857142857143,0.5571428571428569,1.0857142857142859
2017-08-06,20.657142857142855,0.15714285714285733,2.814285714285714
2017-08-13,18.485714285714288,0.5428571428571427,1.0285714285714285
2017-08-20,18.97142857142857,0.4142857142857141,1.3857142857142857
2017-08-27,16.728571428571428,1.385714285714286,0.11428571428571388
2017-09-03,17.7,1.5714285714285716,1.2714285714285718
2017-09-10,15.414285714285715,2.585714285714286,0.0
2017-09-17,13.299999999999999,4.7,0.0
2017-09-24,12.471428571428572,5.528571428571429,0.0
2017-10-01,14.485714285714286,3.5142857142857147,0.0
2017-10-08,11.414285714285715,6.585714285714286,0.0
2017-10-15,13.042857142857143,4.957142857142857,0.0
2017-10-22,13.299999999999999,4.7,0.0
2017-10-29,10.842857142857143,7.157142857142857,0.0
2017-11-05,8.328571428571427,9.671428571428573,0.0
2017-11-12,5.985714285714286,12.014285714285714,0.0
2017-11-19,5.128571428571428,12.87142857142857,0.0
2017-11-26,5.742857142857143,12.257142857142856,0.0
2017-12-03,2.028571428571429,15.971428571428572,0.0
2017-12-10,3.6571428571428575,14.342857142857143,0.0
2017-12-17,2.1285714285714286,15.87142857142857,0.0
2017-12-24,3.857142857142857,14.142857142857142,0.0
2017-12-31,4.171428571428572,13.828571428571427,0.0
2018-01-07,4.8,13.200000000000001,0.0
2018-01-14,0.15714285714285717,17.84285714285714,0.0
2018-01-21,0.7428571428571428,17.257142857142856,0.0
2018-01-28,5.2,12.799999999999999,0.0
2018-02-04,3.2142857142857144,14.785714285714286,0.0
2018-02-11,-2.2857142857142856,20.285714285714285,0.0
2018-02-18,0.38571428571428573,17.614285714285714,0.0
2018-02-25,-1.8,19.8,0.0
2018-03-04,-7.057142857142858,25.057142857142857,0.0
2018-03-11,3.3714285714285714,14.62857142857143,0.0
2018-03-18,2.1142857142857143,15.885714285714286,0.0
2018-03-25,1.2714285714285711,16.72857142857143,0.0
2018-04-01,3.2714285714285714,14.728571428571428,0.0
2018-04-08,9.528571428571428,8.471428571428572,0.0
2018-04-15,14.4,3.599999999999999,0.0
2018-04-22,14.742857142857144,3.2714285714285714,0.014285714285714488
2018-04-29,13.114285714285714,4.885714285714286,0.0
2018-05-06,12.928571428571429,5.071428571428571,0.0
2018-05-13,18.12857142857143,0.7714285714285712,0.9000000000000001
2018-05-20,15.942857142857141,2.1714285714285713,0.1142857142857144
2018-05-27,19.428571428571427,0.0999999999999999,1.5285714285714285
2018-06-03,23.728571428571428,0.0,5.7285714285714295
2018-06-10,21.099999999999998,0.04285714285714296,3.142857142857143
2018-06-17,18.657142857142855,0.6142857142857144,1.2714285714285711
2018-06-24,17.342857142857145,1.7714285714285716,1.1142857142857143
2018-07-01,17.985714285714288,1.0,0.985714285714286
2018-07-08,20.25714285714286,0.17142857142857132,2.4285714285714284
2018-07-15,18.128571428571426,0.5142857142857145,0.6428571428571423
2018-07-22,20.97142857142857,0.0,2.971428571428571
2018-07-29,24.542857142857144,0.0,6.542857142857143
2018-08-05,26.342857142857145,0.0,8.342857142857143
2018-08-12,24.099999999999998,0.0,6.1000000000000005
2018-08-19,22.085714285714285,0.0,4.085714285714285
2018-08-26,19.785714285714285,0.6142857142857144,2.4
2018-09-02,17.757142857142856,0.6428571428571429,0.3999999999999996
2018-09-09,19.25714285714286,0.2285714285714288,1.4857142857142855
2018-09-16,17.685714285714287,1.2714285714285716,0.9571428571428575
2018-09-23,18.285714285714285,1.5857142857142856,1.8714285714285712
2018-09-30,11.385714285714286,6.614285714285714,0.0
2018-10-07,11.271428571428572,6.728571428571429,0.0
2018-10-14,14.528571428571428,3.471428571428571,0.0
2018-10-21,11.87142857142857,6.128571428571428,0.0
2018-10-28,8.814285714285715,9.185714285714285,0.0
2018-11-04,8.757142857142856,9.242857142857144,0.0
2018-11-11,9.685714285714285,8.314285714285715,0.0
2018-11-18,6.528571428571429,11.471428571428572,0.0
2018-11-25,2.1714285714285713,15.828571428571427,0.0
2018-12-02,1.5714285714285714,16.428571428571427,0.0
2018-12-09,6.528571428571429,11.471428571428572,0.0
2018-12-16,1.1,16.9,0.0
2018-12-23,3.6714285714285713,14.328571428571427,0.0
2018-12-30,4.985714285714286,13.014285714285714,0.0
2019-01-06,2.9285714285714284,15.071428571428571,0.0
2019-01-13,3.1714285714285713,14.828571428571427,0.0
2019-01-20,1.6285714285714283,16.37142857142857,0.0
2019-01-27,-2.314285714285714,20.314285714285713,0.0
2019-02-03,0.31428571428571433,17.685714285714287,0.0
2019-02-10,3.7714285714285714,14.228571428571428,0.0
2019-02-17,4.585714285714286,13.414285714285715,0.0
2019-02-24,4.171428571428572,13.828571428571427,0.0
2019-03-03,5.914285714285714,12.085714285714285,0.0
2019-03-10,7.328571428571428,10.671428571428573,0.0
2019-03-17,6.057142857142857,11.942857142857141,0.0
2019-03-24,7.271428571428571,10.728571428571428,0.0
2019-03-31,7.357142857142857,10.642857142857142,0.0
2019-04-07,10.857142857142858,7.142857142857143,0.0
2019-04-14,5.471428571428571,12.528571428571428,0.0
2019-04-21,11.214285714285714,6.785714285714286,0.0
2019-04-28,15.042857142857143,3.1571428571428575,0.1999999999999998
2019-05-05,9.328571428571427,8.671428571428573,0.0
2019-05-12,10.528571428571428,7.471428571428571,0.0
2019-05-19,12.157142857142857,5.8428571428571425,0.0
2019-05-26,15.8,2.2428571428571424,0.04285714285714296
2019-06-02,17.87142857142857,1.6142857142857143,1.4857142857142855
2019-06-09,22.914285714285715,0.0,4.914285714285714
2019-06-16,22.5,0.0,4.500000000000001
2019-06-23,22.24285714285714,0.0,4.242857142857143
2019-06-30,24.557142857142857,0.0,6.557142857142858
2019-07-07,17.82857142857143,0.8571428571428571,0.6857142857142863
2019-07-14,17.285714285714285,1.1428571428571428,0.42857142857142855
2019-07-21,19.914285714285715,0.2857142857142857,2.2
2019-07-28,24.67142857142857,0.0,6.671428571428571
2019-08-04,21.3,0.0,3.3000000000000003
2019-08-11,21.400000000000002,0.0,3.3999999999999995
2019-08-18,18.914285714285715,0.2857142857142857,1.1999999999999997
2019-08-25,20.842857142857145,0.0,2.842857142857143
2019-09-01,24.914285714285715,0.0,6.914285714285714
2019-09-08,16.614285714285714,1.6142857142857143,0.2285714285714288
2019-09-15,15.714285714285714,2.2857142857142856,0.0
2019-09-22,12.885714285714286,5.114285714285714,0.0
2019-09-29,15.157142857142857,2.842857142857143,0.0
2019-10-06,10.242857142857144,7.757142857142857,0.0
2019-10-13,12.342857142857143,5.757142857142857,0.0999999999999999
2019-10-20,14.157142857142857,3.857142857142857,0.014285714285714488
2019-10-27,13.12857142857143,4.871428571428572,0.0
2019-11-03,5.8999999999999995,12.1,0.0
2019-11-10,7.242857142857143,10.757142857142856,0.0
2019-11-17,4.8428571428571425,13.157142857142857,0.0
2019-11-24,7.0,11.0,0.0
2019-12-01,4.8,13.200000000000001,0.0
2019-12-08,3.9714285714285715,14.028571428571428,0.0
2019-12-15,3.4285714285714284,14.571428571428571,0.0
2019-12-22,6.128571428571428,11.87142857142857,0.0
2019-12-29,3.2142857142857144,14.785714285714286,0.0
2020-01-05,2.642857142857143,15.357142857142858,0.0
2020-01-12,5.242857142857143,12.757142857142856,0.0
2020-01-19,6.0,12.0,0.0
2020-01-26,1.5,16.5,0.0
2020-02-02,6.528571428571429,11.471428571428572,0.0
2020-02-09,5.314285714285715,12.685714285714285,0.0
2020-02-16,5.742857142857143,12.257142857142856,0.0
2020-02-23,6.442857142857143,11.557142857142859,0.0
2020-03-01,4.942857142857143,13.057142857142859,0.0
2020-03-08,4.785714285714286,13.214285714285714,0.0
2020-03-15,6.442857142857143,11.557142857142859,0.0
2020-03-22,6.757142857142857,11.242857142857144,0.0
2020-03-29,3.5,14.5,0.0
2020-04-05,4.542857142857143,13.457142857142857,0.0
2020-04-12,10.914285714285715,7.085714285714286,0.0
2020-04-19,8.928571428571429,9.071428571428571,0.0
2020-04-26,11.914285714285715,6.085714285714286,0.0
2020-05-03,12.771428571428572,5.228571428571429,0.0
2020-05-10,12.114285714285714,5.885714285714286,0.0
2020-05-17,9.642857142857142,8.357142857142858,0.0
2020-05-24,14.842857142857143,3.1571428571428575,0.0
2020-05-31,13.928571428571429,4.071428571428571,0.0
2020-06-07,16.47142857142857,1.7714285714285711,0.24285714285714274
2020-06-14,18.82857142857143,0.757142857142857,1.5857142857142859
2020-06-21,19.342857142857145,0.2285714285714288,1.5714285714285714
2020-06-28,21.542857142857144,0.0,3.5428571428571423
2020-07-05,20.042857142857144,0.0,2.0428571428571436
2020-07-12,16.3,1.7285714285714289,0.02857142857142847
2020-07-19,18.442857142857143,0.9571428571428573,1.4000000000000006
2020-07-26,19.014285714285712,0.21428571428571427,1.2285714285714282
2020-08-02,20.62857142857143,0.014285714285714488,2.642857142857143
2020-08-09,23.62857142857143,0.0,5.628571428571429
2020-08-16,25.185714285714283,0.0,7.185714285714285
2020-08-23,23.457142857142856,0.0,5.457142857142857
2020-08-30,17.728571428571428,0.528571428571429,0.25714285714285723
2020-09-06,15.942857142857141,2.085714285714286,0.02857142857142847
2020-09-13,16.485714285714288,1.7285714285714289,0.21428571428571427
2020-09-20,17.214285714285715,2.242857142857143,1.457142857142857
2020-09-27,15.0,3.2428571428571433,0.24285714285714274
2020-10-04,13.814285714285715,4.185714285714286,0.0
